Variável,Teste,df,Estatística,p_value,Significância,Effect_Size,CI_min,CI_max
Idade,Welch Two Sample t-test,13.93503976911666,-1.0834919466624326,0.29698181455782374,-,-0.5417459733312163,-11.407401921687422,3.7524019216874214
Dias_internacao,Wilcoxon rank sum test with continuity correction,NA,29,0.7715426535572856,-,-0.046875,-14.000012768269917,13.999968791472813
IMC_absoluto,Welch Two Sample t-test,7.565668750250342,-0.2696662933106024,0.7946252990150762,-,-0.1348331466553012,-3.770685183626043,2.9881851836260442
DNA_corrigido15x,Welch Two Sample t-test,13.452283765950854,-2.255270126804799,0.04136068479924432,*,-1.1276350634023995,-326.42030758977296,-7.572192410227018
VEF1percprevist,Wilcoxon rank sum exact test,NA,56,0.010411810411810413,*,0.375,5.089999999999996,60.38
SpO2final,Welch Two Sample t-test,12.628441523884446,2.2259155165346503,0.04490191305456299,*,1.112957758267325,0.16585212852373188,12.334147871476269
VO2mLkgminfinal,Welch Two Sample t-test,11.316735018673718,-0.11105705658525837,0.9135163374507591,-,-0.0555285282926292,-6.2253128083624105,5.625312808362401
