Variable,Test,Statistic,P.Value
Dias_internacao,wilcox,30,0.8616968286082338
IMC_absoluto,t-test,-0.6713743459022049,0.5185181145084108
DNA_corrigido15x,t-test,-0.8330674161562157,0.4209480322551047
VEF1percprevist,wilcox,45,0.19487179487179485
VO2mLkgminfinal,t-test,0.371850048368917,0.7164681186491122
